Year,Month,Origin,Dest,Pax From Origin,Pax To Origin,Freight From Origin,Frieght To Origin,Mail From Origin,Mail To Origin
2020,01,HYDERABAD,AHMEDABAD,30273.00,28265.00,83.04,237.85,4.92,0.84
2020,02,HYDERABAD,AHMEDABAD,24969.00,20605.00,70.48,311.97,4.66,0.88
2020,03,HYDERABAD,AHMEDABAD,20915.00,18528.00,53.13,287.92,0.00,0.00
2020,05,HYDERABAD,AHMEDABAD,448.00,834.00,1.14,2.59,0.11,0.00
2020,06,HYDERABAD,AHMEDABAD,7626.00,8588.00,64.58,89.58,8.12,2.61
2020,07,HYDERABAD,AHMEDABAD,10382.00,9773.00,86.38,128.06,7.68,3.83
2020,08,HYDERABAD,AHMEDABAD,12896.00,11518.00,96.15,121.49,5.91,4.28
2020,09,HYDERABAD,AHMEDABAD,13413.00,14652.00,91.29,110.34,6.85,2.54
2020,10,HYDERABAD,AHMEDABAD,14595.00,16266.00,83.96,121.80,4.58,3.63
2020,11,HYDERABAD,AHMEDABAD,18462.00,15869.00,80.86,123.34,5.56,1.17
2020,12,HYDERABAD,AHMEDABAD,16766.00,17451.00,77.77,78.77,4.48,3.53
2020,01,HYDERABAD,AJMER,2638.00,2374.00,0.00,0.00,0.00,0.00
2020,02,HYDERABAD,AJMER,2405.00,2221.00,0.00,0.00,0.00,0.00
2020,03,HYDERABAD,AJMER,1759.00,1573.00,0.00,0.00,0.00,0.00
2020,06,HYDERABAD,AJMER,1462.00,1492.00,1.48,0.00,0.00,0.00
2020,07,HYDERABAD,AJMER,1427.00,1321.00,1.20,0.00,0.00,0.00
2020,08,HYDERABAD,AJMER,1626.00,1600.00,0.00,0.00,0.00,0.00
2020,09,HYDERABAD,AJMER,1365.00,1286.00,0.33,0.00,0.00,0.00
2020,10,HYDERABAD,AJMER,1582.00,1514.00,0.00,0.00,0.00,0.00
2020,11,HYDERABAD,AJMER,1414.00,1309.00,0.01,0.00,0.00,0.00
2020,12,HYDERABAD,AJMER,1646.00,1634.00,0.26,0.00,0.00,0.00
2020,01,HYDERABAD,AMRITSAR,4537.00,4351.00,4.04,0.36,0.01,0.00
2020,02,HYDERABAD,AMRITSAR,2269.00,1849.00,4.69,0.33,0.00,0.00
2020,06,HYDERABAD,AMRITSAR,0.00,0.00,31.80,0.00,0.00,0.00
2020,01,HYDERABAD,AURANGABAD,4552.00,4033.00,0.05,0.86,0.00,0.00
2020,02,HYDERABAD,AURANGABAD,5414.00,6356.00,1.96,1.03,0.00,0.00
2020,03,HYDERABAD,AURANGABAD,2755.00,2864.00,0.11,0.85,0.00,0.00
2020,07,HYDERABAD,AURANGABAD,558.00,500.00,0.00,0.05,0.00,0.00
2020,08,HYDERABAD,AURANGABAD,1300.00,1253.00,0.09,0.19,0.00,0.00
2020,09,HYDERABAD,AURANGABAD,1499.00,1557.00,0.08,0.63,0.00,0.00
2020,10,HYDERABAD,AURANGABAD,1507.00,1647.00,0.09,0.12,0.00,0.00
2020,11,HYDERABAD,AURANGABAD,2061.00,2025.00,0.08,0.03,0.00,0.00
2020,12,HYDERABAD,AURANGABAD,2137.00,2065.00,0.01,0.01,0.00,0.00
2020,01,HYDERABAD,BAGDOGRA,5057.00,5383.00,10.14,8.43,0.00,0.00
2020,02,HYDERABAD,BAGDOGRA,4919.00,5070.00,7.87,8.83,0.00,0.00
2020,03,HYDERABAD,BAGDOGRA,4031.00,3426.00,3.04,7.54,0.00,0.00
2020,07,HYDERABAD,BAGDOGRA,2699.00,2789.00,4.70,6.75,0.15,0.00
2020,08,HYDERABAD,BAGDOGRA,2831.00,4376.00,11.73,16.25,0.16,0.00
2020,09,HYDERABAD,BAGDOGRA,4668.00,6884.00,29.90,34.57,0.00,0.00
2020,10,HYDERABAD,BAGDOGRA,5565.00,7137.00,20.48,29.20,0.00,0.00
2020,11,HYDERABAD,BAGDOGRA,4960.00,5300.00,12.28,22.90,0.00,0.00
2020,12,HYDERABAD,BAGDOGRA,5125.00,5456.00,8.87,21.34,0.00,0.00
2020,01,HYDERABAD,BELGAUM,3507.00,3640.00,0.04,0.11,0.00,0.00
2020,02,HYDERABAD,BELGAUM,4903.00,5199.00,0.00,0.14,0.00,0.00
2020,03,HYDERABAD,BELGAUM,3133.00,3062.00,0.00,0.00,0.00,0.00
2020,05,HYDERABAD,BELGAUM,204.00,148.00,0.00,0.00,0.00,0.00
2020,06,HYDERABAD,BELGAUM,2794.00,2292.00,0.08,0.01,0.00,0.00
2020,07,HYDERABAD,BELGAUM,3754.00,2667.00,0.14,0.42,0.00,0.00
2020,08,HYDERABAD,BELGAUM,4415.00,4281.00,0.21,0.55,0.00,0.00
2020,09,HYDERABAD,BELGAUM,5021.00,5068.00,0.77,0.40,0.00,0.00
2020,10,HYDERABAD,BELGAUM,5516.00,5627.00,0.44,0.25,0.00,0.00
2020,11,HYDERABAD,BELGAUM,5783.00,5815.00,0.16,0.37,0.00,0.00
2020,12,HYDERABAD,BELGAUM,6561.00,6513.00,0.77,0.09,0.00,0.00
2020,01,HYDERABAD,BENGALURU,91775.00,89345.00,155.49,231.47,0.45,2.07
2020,02,HYDERABAD,BENGALURU,84173.00,83685.00,113.11,196.80,0.30,1.75
2020,03,HYDERABAD,BENGALURU,42183.00,49214.00,113.84,166.47,0.00,0.00
2020,05,HYDERABAD,BENGALURU,1842.00,2572.00,11.80,11.47,0.84,4.99
2020,06,HYDERABAD,BENGALURU,11189.00,13936.00,115.60,114.30,7.87,41.48
2020,07,HYDERABAD,BENGALURU,11953.00,13182.00,102.43,71.74,8.66,24.37
2020,08,HYDERABAD,BENGALURU,16463.00,14127.00,93.47,75.74,5.81,16.09
2020,09,HYDERABAD,BENGALURU,19697.00,15846.00,110.84,152.20,2.51,16.45
2020,10,HYDERABAD,BENGALURU,27311.00,25996.00,95.07,122.29,5.13,10.46
2020,11,HYDERABAD,BENGALURU,29469.00,29021.00,77.30,125.14,13.16,17.28
2020,12,HYDERABAD,BENGALURU,40126.00,36443.00,59.33,125.74,6.38,29.43
2020,01,HYDERABAD,BHOPAL,2986.00,3028.00,1.32,0.71,0.00,0.00
2020,02,HYDERABAD,BHOPAL,2128.00,2074.00,0.33,0.00,0.00,0.00
2020,03,HYDERABAD,BHOPAL,1613.00,1429.00,0.35,0.02,0.00,0.00
2020,05,HYDERABAD,BHOPAL,60.00,16.00,0.00,0.00,0.00,0.00
2020,06,HYDERABAD,BHOPAL,1305.00,476.00,0.42,0.00,0.11,0.00
2020,07,HYDERABAD,BHOPAL,2081.00,1358.00,0.22,0.09,0.22,0.00
2020,08,HYDERABAD,BHOPAL,1381.00,1322.00,0.77,0.03,1.18,0.00
2020,09,HYDERABAD,BHOPAL,1431.00,1375.00,1.32,0.10,0.98,1.50
2020,10,HYDERABAD,BHOPAL,1861.00,1849.00,0.35,0.05,1.16,0.12
2020,11,HYDERABAD,BHOPAL,1944.00,1883.00,0.51,0.07,1.20,0.20
2020,12,HYDERABAD,BHOPAL,1867.00,2213.00,0.17,0.00,0.71,0.39
2020,01,HYDERABAD,BHUBANESWAR,19439.00,18842.00,36.02,4.49,4.85,1.10
2020,02,HYDERABAD,BHUBANESWAR,18103.00,18340.00,36.94,1.34,4.19,0.85
2020,03,HYDERABAD,BHUBANESWAR,13611.00,11883.00,31.02,3.36,0.00,0.00
2020,05,HYDERABAD,BHUBANESWAR,551.00,284.00,1.67,0.04,0.13,0.08
2020,06,HYDERABAD,BHUBANESWAR,5652.00,3752.00,13.07,1.06,2.87,1.35
2020,07,HYDERABAD,BHUBANESWAR,6535.00,4026.00,31.51,0.71,5.35,1.50
2020,08,HYDERABAD,BHUBANESWAR,5545.00,6981.00,26.60,2.03,6.84,1.49
2020,09,HYDERABAD,BHUBANESWAR,6122.00,11196.00,29.43,0.72,6.17,1.63
2020,10,HYDERABAD,BHUBANESWAR,7148.00,11014.00,28.33,0.73,4.23,1.94
2020,11,HYDERABAD,BHUBANESWAR,11505.00,10780.00,27.96,1.53,4.72,1.83
2020,12,HYDERABAD,BHUBANESWAR,12118.00,12280.00,27.02,1.03,4.35,1.78
2020,01,HYDERABAD,CHANDIGARH,6514.00,6107.00,23.38,16.84,0.10,0.82
2020,02,HYDERABAD,CHANDIGARH,4545.00,4344.00,19.50,18.41,0.03,0.69
2020,03,HYDERABAD,CHANDIGARH,4144.00,3720.00,14.20,13.00,0.00,0.00
2020,06,HYDERABAD,CHANDIGARH,590.00,323.00,0.67,4.90,0.09,0.00
2020,07,HYDERABAD,CHANDIGARH,2572.00,1321.00,9.34,28.79,1.36,0.00
2020,08,HYDERABAD,CHANDIGARH,2862.00,1740.00,26.85,69.87,1.94,0.00
2020,09,HYDERABAD,CHANDIGARH,3092.00,1732.00,28.49,59.73,1.66,0.00
2020,10,HYDERABAD,CHANDIGARH,3627.00,2326.00,22.81,55.50,1.02,0.01
2020,11,HYDERABAD,CHANDIGARH,4110.00,3933.00,17.95,45.87,0.65,0.09
2020,12,HYDERABAD,CHANDIGARH,4696.00,5085.00,19.76,41.17,0.42,0.00
2020,01,HYDERABAD,CHENNAI,65298.00,67041.00,256.52,312.34,6.00,19.62
2020,02,HYDERABAD,CHENNAI,60223.00,59935.00,332.16,395.35,5.72,16.44
2020,03,HYDERABAD,CHENNAI,35196.00,40185.00,318.36,324.07,0.33,0.52
2020,04,HYDERABAD,CHENNAI,0.00,0.00,0.00,5.54,0.00,0.00
2020,05,HYDERABAD,CHENNAI,748.00,1078.00,49.44,94.81,1.44,2.27
2020,06,HYDERABAD,CHENNAI,4854.00,8463.00,216.17,324.01,10.38,18.71
2020,07,HYDERABAD,CHENNAI,10923.00,11447.00,295.08,515.29,12.12,33.13
2020,08,HYDERABAD,CHENNAI,19584.00,12971.00,579.80,623.10,16.35,18.66
2020,09,HYDERABAD,CHENNAI,25152.00,17265.00,632.18,610.62,14.14,16.64
2020,10,HYDERABAD,CHENNAI,31313.00,24852.00,483.41,594.12,12.57,16.07
2020,11,HYDERABAD,CHENNAI,28282.00,27564.00,569.33,533.59,9.38,22.54
2020,12,HYDERABAD,CHENNAI,33477.00,30606.00,630.48,621.08,12.45,23.26
2020,01,HYDERABAD,COIMBATORE,19651.00,19589.00,12.18,49.22,0.04,0.00
2020,02,HYDERABAD,COIMBATORE,17623.00,17315.00,9.53,58.85,0.08,0.00
2020,03,HYDERABAD,COIMBATORE,10977.00,11359.00,10.34,49.10,0.00,0.00
2020,05,HYDERABAD,COIMBATORE,101.00,209.00,0.04,0.04,0.02,0.00
2020,06,HYDERABAD,COIMBATORE,3908.00,4084.00,11.23,31.56,0.89,0.00
2020,07,HYDERABAD,COIMBATORE,3198.00,3704.00,16.79,31.45,0.81,0.00
2020,08,HYDERABAD,COIMBATORE,5439.00,4573.00,15.29,41.32,0.72,0.00
2020,09,HYDERABAD,COIMBATORE,5469.00,3992.00,17.03,56.32,0.70,0.00
2020,10,HYDERABAD,COIMBATORE,5906.00,3551.00,13.24,53.69,0.92,0.00
2020,11,HYDERABAD,COIMBATORE,7491.00,6208.00,19.33,49.36,0.93,0.00
2020,12,HYDERABAD,COIMBATORE,9004.00,6566.00,19.44,57.81,0.25,0.00
2020,01,HYDERABAD,DABOLIM,39204.00,41065.00,18.21,35.12,0.00,1.34
2020,02,HYDERABAD,DABOLIM,36975.00,37368.00,11.18,40.64,0.01,1.13
2020,03,HYDERABAD,DABOLIM,18562.00,22452.00,9.43,33.10,0.00,0.00
2020,06,HYDERABAD,DABOLIM,989.00,1975.00,2.78,22.20,0.14,0.18
2020,07,HYDERABAD,DABOLIM,977.00,1849.00,1.69,11.70,0.08,0.27
2020,08,HYDERABAD,DABOLIM,1588.00,2072.00,2.70,11.50,0.12,0.33
2020,09,HYDERABAD,DABOLIM,5341.00,4742.00,3.34,21.57,0.26,0.42
2020,10,HYDERABAD,DABOLIM,11960.00,11841.00,8.13,12.64,0.03,0.61
2020,11,HYDERABAD,DABOLIM,20684.00,19289.00,14.37,11.28,0.00,0.37
2020,12,HYDERABAD,DABOLIM,38676.00,33015.00,14.18,16.68,0.00,0.52
2020,01,HYDERABAD,DEHRA DUN,3805.00,4761.00,2.31,13.51,0.00,0.00
2020,02,HYDERABAD,DEHRA DUN,3498.00,4318.00,1.69,9.67,0.06,0.10
2020,03,HYDERABAD,DEHRA DUN,2504.00,3573.00,3.31,4.68,0.00,0.00
2020,06,HYDERABAD,DEHRA DUN,10.00,7.00,0.00,0.00,0.00,0.00
2020,07,HYDERABAD,DEHRA DUN,185.00,97.00,0.00,0.00,0.00,0.00
2020,08,HYDERABAD,DEHRA DUN,423.00,435.00,0.00,0.00,0.00,0.00
2020,09,HYDERABAD,DEHRA DUN,958.00,731.00,0.23,0.00,0.00,0.00
2020,10,HYDERABAD,DEHRA DUN,980.00,855.00,0.23,0.48,0.00,0.03
2020,11,HYDERABAD,DEHRA DUN,1563.00,1645.00,0.70,0.01,0.00,0.05
2020,12,HYDERABAD,DEHRA DUN,2220.00,2097.00,0.64,0.05,0.00,0.02
2020,01,HYDERABAD,DELHI,125871.00,117255.00,618.29,1129.25,17.47,31.87
2020,02,HYDERABAD,DELHI,122665.00,116866.00,700.58,1103.02,15.69,30.99
2020,03,HYDERABAD,DELHI,70217.00,73001.00,603.61,890.01,2.52,4.41
2020,05,HYDERABAD,DELHI,3445.00,3817.00,85.94,107.26,1.19,1.55
2020,06,HYDERABAD,DELHI,21974.00,24861.00,274.79,549.11,12.50,11.22
2020,07,HYDERABAD,DELHI,23380.00,25364.00,312.60,446.99,9.50,12.45
2020,08,HYDERABAD,DELHI,32199.00,37053.00,656.29,904.17,14.79,16.36
2020,09,HYDERABAD,DELHI,37237.00,40579.00,813.04,1234.41,12.30,19.77
2020,10,HYDERABAD,DELHI,48962.00,49016.00,697.52,1006.68,11.76,24.84
2020,11,HYDERABAD,DELHI,58719.00,57292.00,830.22,1063.51,12.76,19.56
2020,12,HYDERABAD,DELHI,80744.00,80006.00,913.92,1172.20,10.45,16.38
2020,01,HYDERABAD,DURGAPUR,1879.00,1999.00,0.20,0.00,0.00,0.00
2020,02,HYDERABAD,DURGAPUR,1954.00,1864.00,0.20,0.00,0.00,0.00
2020,03,HYDERABAD,DURGAPUR,1595.00,1275.00,1.50,0.00,0.00,0.00
2020,01,HYDERABAD,GORAKHPUR,5157.00,4689.00,1.10,0.00,0.00,0.00
2020,02,HYDERABAD,GORAKHPUR,5086.00,4604.00,0.28,0.00,0.00,0.00
2020,03,HYDERABAD,GORAKHPUR,3403.00,2668.00,0.47,0.00,0.00,0.00
2020,06,HYDERABAD,GORAKHPUR,2012.00,1532.00,0.33,0.00,0.01,0.00
2020,07,HYDERABAD,GORAKHPUR,3998.00,4685.00,0.32,0.00,0.00,0.00
2020,08,HYDERABAD,GORAKHPUR,3493.00,7762.00,0.05,0.71,0.00,0.00
2020,09,HYDERABAD,GORAKHPUR,3729.00,7681.00,0.12,0.00,0.33,0.00
2020,10,HYDERABAD,GORAKHPUR,6098.00,6227.00,0.26,0.00,0.00,0.00
2020,11,HYDERABAD,GORAKHPUR,5856.00,5168.00,0.34,0.00,0.00,0.00
2020,12,HYDERABAD,GORAKHPUR,4505.00,5979.00,2.57,0.00,0.00,0.00
2020,01,HYDERABAD,GUWAHATI,6181.00,6522.00,31.11,7.18,1.27,1.11
2020,02,HYDERABAD,GUWAHATI,5988.00,6050.00,25.88,6.58,0.97,1.01
2020,03,HYDERABAD,GUWAHATI,4066.00,3976.00,20.34,7.42,0.00,0.00
2020,06,HYDERABAD,GUWAHATI,2959.00,1167.00,12.47,6.84,2.74,0.00
2020,07,HYDERABAD,GUWAHATI,3762.00,2243.00,14.02,5.99,3.15,0.50
2020,08,HYDERABAD,GUWAHATI,3314.00,3320.00,23.47,6.36,4.95,1.66
2020,09,HYDERABAD,GUWAHATI,3756.00,5644.00,40.26,6.49,5.29,1.84
2020,10,HYDERABAD,GUWAHATI,3986.00,7133.00,37.27,3.87,3.56,2.11
2020,11,HYDERABAD,GUWAHATI,4625.00,5664.00,24.17,3.18,4.20,2.42
2020,12,HYDERABAD,GUWAHATI,5401.00,5683.00,31.99,1.01,2.38,1.25
2020,01,HYDERABAD,GWALIOR,1850.00,1700.00,0.01,0.00,0.00,0.00
2020,02,HYDERABAD,GWALIOR,2075.00,1764.00,0.56,0.00,0.00,0.00
2020,03,HYDERABAD,GWALIOR,1411.00,1312.00,0.00,0.00,0.00,0.00
2020,06,HYDERABAD,GWALIOR,692.00,430.00,0.58,0.00,0.00,0.00
2020,07,HYDERABAD,GWALIOR,876.00,508.00,0.00,0.00,0.00,0.00
2020,08,HYDERABAD,GWALIOR,911.00,1012.00,0.00,0.00,0.00,0.00
2020,09,HYDERABAD,GWALIOR,784.00,1011.00,0.00,0.00,0.00,0.00
2020,10,HYDERABAD,GWALIOR,982.00,984.00,0.00,0.00,0.00,0.00
2020,11,HYDERABAD,GWALIOR,1302.00,1048.00,0.01,0.00,0.00,0.00
2020,12,HYDERABAD,GWALIOR,1051.00,1581.00,0.00,0.00,0.00,0.00
2020,01,HYDERABAD,HUBLI,1334.00,1292.00,0.00,0.00,0.00,0.00
2020,02,HYDERABAD,HUBLI,1245.00,1177.00,0.00,0.00,0.00,0.00
2020,03,HYDERABAD,HUBLI,460.00,437.00,0.00,0.00,0.00,0.00
2020,10,HYDERABAD,HUBLI,48.00,0.00,0.00,0.00,0.00,0.00
2020,01,HYDERABAD,IMPHAL,641.00,574.00,8.10,20.41,0.00,0.00
2020,02,HYDERABAD,IMPHAL,511.00,548.00,9.96,16.48,0.06,0.00
2020,03,HYDERABAD,IMPHAL,678.00,361.00,5.68,3.63,0.00,0.00
2020,07,HYDERABAD,IMPHAL,15.00,15.00,0.23,0.12,0.00,0.00
2020,08,HYDERABAD,IMPHAL,163.00,99.00,0.47,1.55,0.00,0.00
2020,09,HYDERABAD,IMPHAL,321.00,230.00,2.21,3.49,0.00,0.00
2020,10,HYDERABAD,IMPHAL,412.00,318.00,0.69,4.56,0.00,0.00
2020,11,HYDERABAD,IMPHAL,494.00,263.00,0.75,5.19,0.00,0.00
2020,12,HYDERABAD,IMPHAL,586.00,442.00,1.02,15.90,0.00,0.00
2020,01,HYDERABAD,INDORE,11870.00,12377.00,14.55,11.32,0.14,0.97
2020,02,HYDERABAD,INDORE,8928.00,9240.00,15.49,10.30,0.03,1.18
2020,03,HYDERABAD,INDORE,5756.00,4491.00,13.14,9.47,0.00,0.00
2020,05,HYDERABAD,INDORE,35.00,37.00,0.00,3.93,0.00,0.00
2020,06,HYDERABAD,INDORE,2278.00,1435.00,13.01,24.46,4.29,2.47
2020,07,HYDERABAD,INDORE,2877.00,2218.00,13.78,25.37,4.00,2.70
2020,08,HYDERABAD,INDORE,2524.00,2198.00,10.10,8.82,2.41,1.20
2020,09,HYDERABAD,INDORE,2365.00,2255.00,4.18,1.38,0.46,1.28
2020,10,HYDERABAD,INDORE,2531.00,2566.00,9.23,4.31,0.14,1.23
2020,11,HYDERABAD,INDORE,6801.00,5522.00,26.36,19.23,0.82,1.78
2020,12,HYDERABAD,INDORE,6968.00,6749.00,20.74,21.80,0.59,2.00
2020,01,HYDERABAD,JABALPUR,3510.00,3612.00,12.51,12.10,0.00,0.00
2020,02,HYDERABAD,JABALPUR,3582.00,3455.00,7.03,11.86,0.00,0.00
2020,03,HYDERABAD,JABALPUR,2918.00,2343.00,4.70,6.95,0.00,0.00
2020,09,HYDERABAD,JABALPUR,233.00,478.00,0.00,0.00,0.00,0.00
2020,10,HYDERABAD,JABALPUR,629.00,944.00,0.51,0.06,0.00,0.00
2020,11,HYDERABAD,JABALPUR,954.00,980.00,1.13,0.00,0.00,0.00
2020,12,HYDERABAD,JABALPUR,507.00,939.00,0.28,0.04,0.00,0.00
2020,09,HYDERABAD,JAGDALPUR,126.00,166.00,0.00,0.00,0.00,0.00
2020,10,HYDERABAD,JAGDALPUR,687.00,705.00,0.00,0.00,0.00,0.00
2020,11,HYDERABAD,JAGDALPUR,969.00,992.00,0.00,0.00,0.00,0.00
2020,12,HYDERABAD,JAGDALPUR,1149.00,1172.00,0.00,0.00,0.00,0.00
2020,01,HYDERABAD,JAIPUR,26963.00,23763.00,62.64,143.01,0.00,1.75
2020,02,HYDERABAD,JAIPUR,28601.00,25739.00,52.79,125.09,0.74,1.63
2020,03,HYDERABAD,JAIPUR,17939.00,17402.00,38.85,88.79,0.00,0.00
2020,05,HYDERABAD,JAIPUR,1009.00,573.00,0.72,0.29,0.01,0.00
2020,06,HYDERABAD,JAIPUR,10305.00,8078.00,14.77,92.94,2.17,1.72
2020,07,HYDERABAD,JAIPUR,10630.00,8581.00,19.23,191.43,3.38,1.98
2020,08,HYDERABAD,JAIPUR,9792.00,12155.00,37.98,234.61,1.93,1.53
2020,09,HYDERABAD,JAIPUR,8483.00,10640.00,24.05,97.45,1.71,1.81
2020,10,HYDERABAD,JAIPUR,9543.00,10349.00,21.88,127.27,1.91,2.15
2020,11,HYDERABAD,JAIPUR,16351.00,10918.00,20.03,106.17,1.26,1.64
2020,12,HYDERABAD,JAIPUR,17366.00,17875.00,24.99,116.18,0.52,1.79
2020,01,HYDERABAD,JHARSUGUDA,2137.00,2175.00,0.18,0.61,0.00,0.00
2020,02,HYDERABAD,JHARSUGUDA,1923.00,2045.00,0.04,6.13,0.00,0.00
2020,03,HYDERABAD,JHARSUGUDA,1701.00,1358.00,0.01,2.98,0.00,0.00
2020,05,HYDERABAD,JHARSUGUDA,135.00,67.00,0.00,0.00,0.00,0.00
2020,06,HYDERABAD,JHARSUGUDA,427.00,216.00,1.64,0.19,0.00,0.00
2020,07,HYDERABAD,JHARSUGUDA,941.00,422.00,1.30,0.00,0.00,0.00
2020,08,HYDERABAD,JHARSUGUDA,847.00,778.00,0.02,0.00,0.00,0.00
2020,09,HYDERABAD,JHARSUGUDA,994.00,1149.00,0.05,0.00,0.00,0.00
2020,10,HYDERABAD,JHARSUGUDA,1343.00,1353.00,0.02,0.00,0.00,0.00
2020,11,HYDERABAD,JHARSUGUDA,1707.00,1684.00,0.28,0.00,0.00,0.00
2020,12,HYDERABAD,JHARSUGUDA,2327.00,2291.00,0.01,0.00,0.00,0.00
2020,07,HYDERABAD,JORHAT,13.00,4.00,0.00,0.00,0.00,0.00
2020,08,HYDERABAD,JORHAT,75.00,50.00,0.00,0.00,0.00,0.00
2020,01,HYDERABAD,KADAPA,1544.00,1486.00,0.00,0.00,0.00,0.00
2020,02,HYDERABAD,KADAPA,1784.00,1719.00,0.00,0.00,0.00,0.00
2020,03,HYDERABAD,KADAPA,1231.00,1146.00,0.00,0.00,0.00,0.00
2020,05,HYDERABAD,KADAPA,77.00,99.00,0.00,0.00,0.00,0.00
2020,06,HYDERABAD,KADAPA,676.00,545.00,0.00,0.00,0.00,0.00
2020,07,HYDERABAD,KADAPA,556.00,405.00,0.00,0.00,0.00,0.00
2020,08,HYDERABAD,KADAPA,593.00,504.00,0.00,0.00,0.00,0.00
2020,09,HYDERABAD,KADAPA,394.00,335.00,0.00,0.00,0.00,0.00
2020,10,HYDERABAD,KADAPA,790.00,744.00,0.00,0.00,0.00,0.00
2020,11,HYDERABAD,KADAPA,285.00,307.00,0.00,0.00,0.00,0.00
2020,12,HYDERABAD,KADAPA,404.00,386.00,0.00,0.00,0.00,0.00
2020,01,HYDERABAD,KANNUR,1928.00,2166.00,0.83,0.00,0.00,0.00
2020,02,HYDERABAD,KANNUR,2177.00,2429.00,0.34,0.00,0.00,0.00
2020,03,HYDERABAD,KANNUR,2062.00,1730.00,0.32,0.00,0.00,0.00
2020,06,HYDERABAD,KANNUR,146.00,61.00,0.00,0.00,0.00,0.00
2020,07,HYDERABAD,KANNUR,1191.00,1258.00,0.04,0.00,0.00,0.00
2020,08,HYDERABAD,KANNUR,1604.00,1274.00,0.10,0.00,0.00,0.00
2020,09,HYDERABAD,KANNUR,2124.00,1687.00,0.21,0.00,0.00,0.00
2020,10,HYDERABAD,KANNUR,2954.00,2076.00,0.22,0.00,0.00,0.00
2020,11,HYDERABAD,KANNUR,2704.00,2300.00,0.31,0.00,0.00,0.00
2020,12,HYDERABAD,KANNUR,2910.00,2660.00,1.20,0.00,0.00,0.00
2020,01,HYDERABAD,KOCHI,28817.00,30063.00,36.36,19.60,3.61,3.23
2020,02,HYDERABAD,KOCHI,24031.00,23693.00,32.81,16.82,3.39,2.68
2020,03,HYDERABAD,KOCHI,10965.00,10261.00,26.86,12.80,0.00,0.00
2020,05,HYDERABAD,KOCHI,565.00,347.00,1.07,0.26,0.12,0.41
2020,06,HYDERABAD,KOCHI,3732.00,5032.00,23.11,19.41,2.10,2.97
2020,07,HYDERABAD,KOCHI,3822.00,6604.00,39.72,8.77,6.92,7.54
2020,08,HYDERABAD,KOCHI,3291.00,4161.00,14.98,8.64,4.43,6.07
2020,09,HYDERABAD,KOCHI,6897.00,4780.00,46.19,19.75,4.09,3.60
2020,10,HYDERABAD,KOCHI,8349.00,6120.00,40.58,21.21,3.14,4.70
2020,11,HYDERABAD,KOCHI,6210.00,6803.00,33.45,10.91,2.00,4.22
2020,12,HYDERABAD,KOCHI,10894.00,9623.00,23.41,11.25,19.99,4.87
2020,01,HYDERABAD,KOLHAPUR,3068.00,2883.00,0.61,0.00,0.00,0.00
2020,02,HYDERABAD,KOLHAPUR,2977.00,2549.00,0.86,0.00,0.00,0.00
2020,03,HYDERABAD,KOLHAPUR,1991.00,1782.00,0.49,0.00,0.00,0.00
2020,05,HYDERABAD,KOLHAPUR,94.00,105.00,0.00,0.00,0.00,0.00
2020,06,HYDERABAD,KOLHAPUR,1386.00,1787.00,0.45,0.00,0.00,0.00
2020,07,HYDERABAD,KOLHAPUR,1732.00,1827.00,0.04,0.00,0.00,0.00
2020,08,HYDERABAD,KOLHAPUR,2582.00,2481.00,0.18,0.00,0.00,0.00
2020,09,HYDERABAD,KOLHAPUR,2722.00,2415.00,0.18,0.00,0.00,0.00
2020,10,HYDERABAD,KOLHAPUR,3022.00,2413.00,0.47,0.00,0.00,0.00
2020,11,HYDERABAD,KOLHAPUR,2474.00,2291.00,0.69,0.00,0.00,0.00
2020,12,HYDERABAD,KOLHAPUR,2841.00,2581.00,0.49,0.00,0.00,0.00
2020,01,HYDERABAD,KOLKATA,44583.00,44342.00,190.35,211.22,5.63,3.02
2020,02,HYDERABAD,KOLKATA,37449.00,37135.00,283.86,255.05,4.76,3.27
2020,03,HYDERABAD,KOLKATA,33533.00,25331.00,282.01,163.39,0.00,0.80
2020,05,HYDERABAD,KOLKATA,824.00,393.00,29.62,55.39,0.91,0.00
2020,06,HYDERABAD,KOLKATA,17012.00,8767.00,115.92,159.07,5.90,0.74
2020,07,HYDERABAD,KOLKATA,21351.00,12561.00,128.67,112.64,7.63,2.53
2020,08,HYDERABAD,KOLKATA,21297.00,26669.00,170.77,166.90,12.39,1.54
2020,09,HYDERABAD,KOLKATA,18974.00,40524.00,177.26,153.64,10.51,2.02
2020,10,HYDERABAD,KOLKATA,32654.00,45089.00,157.28,158.16,7.47,4.05
2020,11,HYDERABAD,KOLKATA,42016.00,44733.00,187.93,178.20,7.87,4.00
2020,12,HYDERABAD,KOLKATA,41617.00,53748.00,134.89,264.68,63.50,7.99
2020,03,HYDERABAD,KOZHIKODE,0.00,154.00,0.00,0.00,0.00,0.00
2020,09,HYDERABAD,KOZHIKODE,1194.00,1074.00,0.55,0.01,0.00,0.00
2020,10,HYDERABAD,KOZHIKODE,1826.00,1004.00,1.00,0.01,0.00,0.00
2020,11,HYDERABAD,KOZHIKODE,864.00,1653.00,0.84,0.01,0.00,0.00
2020,12,HYDERABAD,KOZHIKODE,1843.00,2101.00,0.09,0.00,0.34,0.00
2020,01,HYDERABAD,LUCKNOW,14641.00,15664.00,46.62,57.15,3.90,0.96
2020,02,HYDERABAD,LUCKNOW,10487.00,10909.00,44.26,56.85,2.51,1.50
2020,03,HYDERABAD,LUCKNOW,8950.00,8665.00,22.23,36.99,0.00,0.00
2020,05,HYDERABAD,LUCKNOW,280.00,199.00,0.61,0.32,0.00,0.04
2020,06,HYDERABAD,LUCKNOW,2771.00,2230.00,20.15,18.89,0.90,1.25
2020,07,HYDERABAD,LUCKNOW,3732.00,2900.00,13.70,34.33,1.48,2.63
2020,08,HYDERABAD,LUCKNOW,2595.00,3637.00,23.09,27.35,2.82,1.40
2020,09,HYDERABAD,LUCKNOW,2881.00,4341.00,22.26,34.80,2.17,1.78
2020,10,HYDERABAD,LUCKNOW,5367.00,5446.00,21.53,35.98,1.43,1.60
2020,11,HYDERABAD,LUCKNOW,9277.00,7704.00,20.00,20.47,0.78,2.36
2020,12,HYDERABAD,LUCKNOW,22774.00,12548.00,13.60,13.76,0.47,1.96
2020,01,HYDERABAD,MADURAI,6199.00,6556.00,3.21,8.24,0.23,0.00
2020,02,HYDERABAD,MADURAI,5532.00,5735.00,0.88,13.44,0.10,0.00
2020,03,HYDERABAD,MADURAI,2832.00,3102.00,0.73,3.23,0.00,0.00
2020,06,HYDERABAD,MADURAI,32.00,15.00,0.00,0.00,0.00,0.00
2020,07,HYDERABAD,MADURAI,1599.00,1358.00,0.33,8.22,0.13,0.00
2020,08,HYDERABAD,MADURAI,3125.00,2640.00,0.36,10.15,0.37,0.00
2020,09,HYDERABAD,MADURAI,4658.00,3687.00,0.60,12.88,0.57,0.00
2020,10,HYDERABAD,MADURAI,4805.00,3636.00,0.77,25.04,0.30,0.00
2020,11,HYDERABAD,MADURAI,3442.00,3996.00,1.14,27.90,0.04,0.00
2020,12,HYDERABAD,MADURAI,3139.00,3427.00,1.44,19.38,0.00,0.00
2020,01,HYDERABAD,MANGALORE,4444.00,4084.00,1.02,0.10,0.24,16.14
2020,02,HYDERABAD,MANGALORE,3779.00,3969.00,0.21,0.16,0.38,18.28
2020,03,HYDERABAD,MANGALORE,2230.00,2738.00,0.91,0.11,0.00,0.00
2020,08,HYDERABAD,MANGALORE,295.00,197.00,0.04,0.00,0.00,1.83
2020,09,HYDERABAD,MANGALORE,1474.00,1090.00,0.12,0.01,0.07,4.49
2020,10,HYDERABAD,MANGALORE,2010.00,1744.00,0.16,0.04,0.04,9.30
2020,11,HYDERABAD,MANGALORE,3757.00,2927.00,0.20,0.08,0.01,4.78
2020,12,HYDERABAD,MANGALORE,4218.00,3393.00,0.05,0.00,0.00,0.00
2020,01,HYDERABAD,MUMBAI,99552.00,103700.00,707.07,1181.24,1.98,37.01
2020,02,HYDERABAD,MUMBAI,94183.00,97453.00,630.36,963.23,0.01,21.77
2020,03,HYDERABAD,MUMBAI,47770.00,49185.00,417.74,685.30,0.00,4.51
2020,05,HYDERABAD,MUMBAI,844.00,2113.00,106.46,103.54,2.22,0.00
2020,06,HYDERABAD,MUMBAI,6724.00,6989.00,563.04,619.05,10.11,8.06
2020,07,HYDERABAD,MUMBAI,7201.00,9484.00,665.91,718.28,15.79,18.08
2020,08,HYDERABAD,MUMBAI,13897.00,12027.00,568.59,684.83,23.69,16.69
2020,09,HYDERABAD,MUMBAI,19445.00,15748.00,536.39,734.68,24.59,20.47
2020,10,HYDERABAD,MUMBAI,24657.00,24163.00,546.13,782.83,13.97,30.30
2020,11,HYDERABAD,MUMBAI,33279.00,33463.00,498.97,762.87,10.93,27.52
2020,12,HYDERABAD,MUMBAI,49962.00,36468.00,596.36,861.25,6.71,51.53
2020,01,HYDERABAD,MYSORE,3412.00,3399.00,0.18,0.00,0.00,0.00
2020,02,HYDERABAD,MYSORE,3302.00,2798.00,0.18,0.00,0.00,0.00
2020,03,HYDERABAD,MYSORE,1886.00,2081.00,0.04,0.00,0.00,0.00
2020,05,HYDERABAD,MYSORE,95.00,81.00,0.00,0.00,0.00,0.00
2020,06,HYDERABAD,MYSORE,493.00,442.00,0.00,0.00,0.00,0.00
2020,07,HYDERABAD,MYSORE,399.00,471.00,0.00,0.00,0.00,0.00
2020,08,HYDERABAD,MYSORE,746.00,643.00,0.00,0.00,0.00,0.00
2020,09,HYDERABAD,MYSORE,882.00,829.00,0.00,0.00,0.00,0.00
2020,10,HYDERABAD,MYSORE,962.00,985.00,0.00,0.00,0.00,0.00
2020,11,HYDERABAD,MYSORE,1299.00,1279.00,0.00,0.00,0.00,0.00
2020,12,HYDERABAD,MYSORE,1459.00,1391.00,0.09,0.00,0.00,0.00
2020,01,HYDERABAD,NAGPUR,2203.00,2288.00,0.38,0.01,0.02,1.00
2020,02,HYDERABAD,NAGPUR,1965.00,2037.00,0.72,0.01,0.10,0.87
2020,03,HYDERABAD,NAGPUR,942.00,889.00,0.19,0.03,0.00,0.00
2020,06,HYDERABAD,NAGPUR,47.00,0.00,0.00,0.00,0.00,0.00
2020,07,HYDERABAD,NAGPUR,0.00,17.00,0.00,0.00,0.00,0.00
2020,08,HYDERABAD,NAGPUR,159.00,224.00,0.26,0.01,0.00,0.00
2020,09,HYDERABAD,NAGPUR,748.00,1334.00,0.76,0.05,0.00,0.00
2020,10,HYDERABAD,NAGPUR,1540.00,1843.00,1.98,0.12,0.00,0.00
2020,11,HYDERABAD,NAGPUR,2105.00,2094.00,1.44,0.02,0.04,0.00
2020,12,HYDERABAD,NAGPUR,1938.00,2052.00,1.71,0.00,0.00,0.17
2020,01,HYDERABAD,NANDED,1617.00,1610.00,0.00,0.00,0.00,0.00
2020,02,HYDERABAD,NANDED,1688.00,1541.00,0.00,0.00,0.00,0.00
2020,03,HYDERABAD,NANDED,1389.00,1173.00,0.00,0.00,0.00,0.00
2020,06,HYDERABAD,NANDED,110.00,114.00,0.00,0.00,0.00,0.00
2020,07,HYDERABAD,NANDED,179.00,218.00,0.00,0.00,0.00,0.00
2020,08,HYDERABAD,NANDED,243.00,238.00,0.00,0.00,0.00,0.00
2020,09,HYDERABAD,NANDED,237.00,280.00,0.00,0.00,0.00,0.00
2020,10,HYDERABAD,NANDED,265.00,330.00,0.00,0.00,0.00,0.00
2020,11,HYDERABAD,NANDED,258.00,283.00,0.00,0.00,0.00,0.00
2020,12,HYDERABAD,NANDED,332.00,348.00,0.00,0.00,0.00,0.00
2020,01,HYDERABAD,NASIK,1465.00,1603.00,0.00,0.00,0.00,0.00
2020,02,HYDERABAD,NASIK,1501.00,1459.00,0.00,0.00,0.00,0.00
2020,03,HYDERABAD,NASIK,919.00,878.00,0.00,0.00,0.00,0.00
2020,06,HYDERABAD,NASIK,475.00,328.00,0.00,0.00,0.00,0.00
2020,07,HYDERABAD,NASIK,801.00,612.00,0.00,0.00,0.00,0.00
2020,08,HYDERABAD,NASIK,805.00,808.00,0.00,0.00,0.00,0.00
2020,09,HYDERABAD,NASIK,861.00,755.00,0.00,0.00,0.00,0.00
2020,10,HYDERABAD,NASIK,1014.00,960.00,0.00,0.00,0.00,0.00
2020,11,HYDERABAD,NASIK,1505.00,1411.00,0.00,0.28,0.00,0.00
2020,12,HYDERABAD,NASIK,1769.00,1713.00,0.28,3.03,0.00,0.00
2020,01,HYDERABAD,PATNA,10040.00,9905.00,23.54,2.56,0.70,1.08
2020,02,HYDERABAD,PATNA,10038.00,9198.00,38.03,2.66,0.39,0.73
2020,03,HYDERABAD,PATNA,12599.00,10045.00,34.70,3.80,0.00,0.00
2020,05,HYDERABAD,PATNA,387.00,172.00,0.22,0.01,0.94,0.00
2020,06,HYDERABAD,PATNA,4609.00,2641.00,23.05,17.80,1.16,0.00
2020,07,HYDERABAD,PATNA,10247.00,7017.00,69.93,24.13,1.35,3.74
2020,08,HYDERABAD,PATNA,7562.00,12013.00,70.01,43.08,2.87,3.73
2020,09,HYDERABAD,PATNA,7354.00,16483.00,67.69,39.77,3.14,2.51
2020,10,HYDERABAD,PATNA,11933.00,16545.00,109.66,33.72,1.63,1.47
2020,11,HYDERABAD,PATNA,18792.00,10520.00,70.97,14.87,1.09,1.26
2020,12,HYDERABAD,PATNA,26952.00,16140.00,32.64,21.60,0.17,1.33
2020,01,HYDERABAD,PONDICHERRY,2257.00,2155.00,0.15,0.16,0.00,0.00
2020,02,HYDERABAD,PONDICHERRY,1998.00,2099.00,0.00,0.00,0.00,0.00
2020,03,HYDERABAD,PONDICHERRY,984.00,1178.00,0.00,0.00,0.00,0.00
2020,01,HYDERABAD,PORT BLAIR,4871.00,5467.00,11.98,0.07,0.00,0.00
2020,02,HYDERABAD,PORT BLAIR,4856.00,5266.00,13.72,0.35,0.01,0.00
2020,03,HYDERABAD,PORT BLAIR,2285.00,3144.00,5.17,0.35,0.00,0.00
2020,06,HYDERABAD,PORT BLAIR,328.00,320.00,0.32,0.00,0.00,0.00
2020,07,HYDERABAD,PORT BLAIR,910.00,511.00,5.29,0.76,0.27,0.00
2020,08,HYDERABAD,PORT BLAIR,477.00,256.00,1.05,0.18,0.00,0.00
2020,09,HYDERABAD,PORT BLAIR,500.00,213.00,0.61,0.19,0.00,0.00
2020,10,HYDERABAD,PORT BLAIR,1108.00,917.00,2.22,2.46,0.00,0.00
2020,11,HYDERABAD,PORT BLAIR,1454.00,856.00,3.56,1.15,0.00,0.00
2020,12,HYDERABAD,PORT BLAIR,1797.00,1193.00,3.48,3.09,0.00,0.00
2020,01,HYDERABAD,PUNE,17234.00,16045.00,53.85,60.33,0.06,1.56
2020,02,HYDERABAD,PUNE,18862.00,17758.00,42.17,53.24,0.06,1.46
2020,03,HYDERABAD,PUNE,10704.00,10825.00,37.88,41.90,0.00,0.00
2020,05,HYDERABAD,PUNE,280.00,431.00,0.14,0.03,0.06,0.00
2020,06,HYDERABAD,PUNE,2862.00,7059.00,34.74,47.15,3.59,3.07
2020,07,HYDERABAD,PUNE,5553.00,10417.00,59.65,88.19,2.32,5.25
2020,08,HYDERABAD,PUNE,8935.00,9974.00,80.73,89.83,3.13,5.81
2020,09,HYDERABAD,PUNE,8773.00,9247.00,80.09,88.41,3.53,5.64
2020,10,HYDERABAD,PUNE,9814.00,10284.00,99.54,71.17,2.87,3.76
2020,11,HYDERABAD,PUNE,9236.00,10687.00,38.81,46.04,1.57,2.93
2020,12,HYDERABAD,PUNE,10034.00,11209.00,41.71,55.02,0.89,3.01
2020,01,HYDERABAD,RAIPUR,14450.00,17220.00,24.55,3.98,1.12,1.23
2020,02,HYDERABAD,RAIPUR,14314.00,16801.00,21.85,3.75,1.32,1.11
2020,03,HYDERABAD,RAIPUR,11627.00,9764.00,15.61,5.82,0.00,0.00
2020,05,HYDERABAD,RAIPUR,493.00,348.00,0.22,0.15,0.23,0.30
2020,06,HYDERABAD,RAIPUR,2548.00,1950.00,17.76,2.70,2.32,1.98
2020,07,HYDERABAD,RAIPUR,2496.00,1630.00,0.77,0.40,0.35,3.08
2020,08,HYDERABAD,RAIPUR,3173.00,2894.00,4.30,0.31,1.61,2.50
2020,09,HYDERABAD,RAIPUR,3561.00,3319.00,4.04,0.52,1.17,2.05
2020,10,HYDERABAD,RAIPUR,4073.00,3899.00,2.67,0.23,0.85,2.77
2020,11,HYDERABAD,RAIPUR,4737.00,4345.00,2.34,0.29,0.34,2.04
2020,12,HYDERABAD,RAIPUR,5639.00,5561.00,4.82,0.66,0.13,1.79
2020,01,HYDERABAD,RAJAHMUNDRY,14625.00,13689.00,2.20,0.01,0.00,0.00
2020,02,HYDERABAD,RAJAHMUNDRY,13496.00,13363.00,3.58,0.05,0.00,0.00
2020,03,HYDERABAD,RAJAHMUNDRY,7988.00,7662.00,4.48,0.01,0.00,0.00
2020,05,HYDERABAD,RAJAHMUNDRY,174.00,148.00,0.00,0.00,0.00,0.00
2020,06,HYDERABAD,RAJAHMUNDRY,2698.00,2277.00,0.25,0.02,0.00,0.00
2020,07,HYDERABAD,RAJAHMUNDRY,3121.00,2694.00,0.47,0.00,0.00,0.00
2020,08,HYDERABAD,RAJAHMUNDRY,3236.00,3434.00,0.57,0.00,0.00,0.00
2020,09,HYDERABAD,RAJAHMUNDRY,4830.00,5008.00,1.78,0.10,0.00,0.00
2020,10,HYDERABAD,RAJAHMUNDRY,7511.00,7418.00,1.99,0.01,0.00,0.00
2020,11,HYDERABAD,RAJAHMUNDRY,8144.00,8017.00,1.43,0.28,0.00,0.00
2020,12,HYDERABAD,RAJAHMUNDRY,9976.00,9604.00,1.69,0.00,0.00,0.00
2020,01,HYDERABAD,RANCHI,4102.00,5199.00,15.48,1.07,0.00,1.10
2020,02,HYDERABAD,RANCHI,5594.00,6177.00,10.46,0.45,0.02,0.99
2020,03,HYDERABAD,RANCHI,7154.00,5470.00,9.49,1.15,0.00,0.00
2020,05,HYDERABAD,RANCHI,739.00,423.00,0.70,0.00,0.17,0.46
2020,06,HYDERABAD,RANCHI,4651.00,2312.00,8.65,0.62,6.09,3.61
2020,07,HYDERABAD,RANCHI,4780.00,2906.00,10.69,1.85,0.00,3.32
2020,08,HYDERABAD,RANCHI,4275.00,4799.00,16.22,3.35,0.36,2.36
2020,09,HYDERABAD,RANCHI,4839.00,6961.00,21.67,5.13,0.54,3.70
2020,10,HYDERABAD,RANCHI,5540.00,5831.00,12.15,4.67,0.45,4.16
2020,11,HYDERABAD,RANCHI,5947.00,5698.00,9.25,6.51,0.27,2.76
2020,12,HYDERABAD,RANCHI,5708.00,6286.00,12.84,6.04,0.00,2.91
2020,01,HYDERABAD,SHIRDI,8106.00,8240.00,1.20,0.76,0.00,0.00
2020,02,HYDERABAD,SHIRDI,7809.00,8456.00,1.02,0.02,0.00,0.00
2020,03,HYDERABAD,SHIRDI,3945.00,4931.00,0.04,0.00,0.00,0.00
2020,06,HYDERABAD,SHIRDI,538.00,335.00,0.09,0.00,0.00,0.00
2020,07,HYDERABAD,SHIRDI,262.00,119.00,0.08,0.00,0.00,0.00
2020,08,HYDERABAD,SHIRDI,71.00,11.00,0.01,0.00,0.00,0.00
2020,09,HYDERABAD,SHIRDI,93.00,48.00,0.12,0.00,0.00,0.00
2020,12,HYDERABAD,SHIRDI,1507.00,1255.00,0.00,0.00,0.00,0.00
2020,07,HYDERABAD,SILCHAR,307.00,47.00,0.00,0.00,0.00,0.00
2020,08,HYDERABAD,SILCHAR,123.00,80.00,0.00,0.00,0.00,0.00
2020,01,HYDERABAD,SURAT,5717.00,6081.00,3.26,0.72,0.00,0.00
2020,02,HYDERABAD,SURAT,4883.00,4772.00,2.41,6.92,0.00,0.00
2020,03,HYDERABAD,SURAT,3345.00,3362.00,14.10,15.55,0.00,0.00
2020,05,HYDERABAD,SURAT,104.00,123.00,0.00,0.70,0.00,0.00
2020,06,HYDERABAD,SURAT,829.00,880.00,2.86,1.97,0.00,0.00
2020,07,HYDERABAD,SURAT,306.00,535.00,0.97,5.39,0.00,0.00
2020,08,HYDERABAD,SURAT,1127.00,1351.00,2.44,10.98,0.42,0.00
2020,09,HYDERABAD,SURAT,2316.00,2335.00,4.49,16.95,0.05,0.00
2020,10,HYDERABAD,SURAT,2995.00,3214.00,3.92,22.95,0.00,0.00
2020,11,HYDERABAD,SURAT,3791.00,5521.00,4.54,24.78,0.00,0.00
2020,12,HYDERABAD,SURAT,3346.00,5156.00,3.19,44.79,0.02,1.00
2020,01,HYDERABAD,TIRUCHIRAPALLY,2095.00,2029.00,0.11,0.00,0.07,0.00
2020,02,HYDERABAD,TIRUCHIRAPALLY,1877.00,1782.00,0.11,0.00,0.00,0.00
2020,03,HYDERABAD,TIRUCHIRAPALLY,1206.00,1267.00,0.48,0.00,0.00,0.00
2020,06,HYDERABAD,TIRUCHIRAPALLY,205.00,145.00,0.01,0.00,0.00,0.00
2020,07,HYDERABAD,TIRUCHIRAPALLY,1753.00,1079.00,0.00,0.00,0.08,0.00
2020,08,HYDERABAD,TIRUCHIRAPALLY,2221.00,1321.00,0.21,0.00,0.21,0.00
2020,09,HYDERABAD,TIRUCHIRAPALLY,3242.00,2508.00,0.03,0.00,0.00,0.00
2020,10,HYDERABAD,TIRUCHIRAPALLY,1934.00,2274.00,0.29,0.06,0.04,0.00
2020,11,HYDERABAD,TIRUCHIRAPALLY,1928.00,3580.00,0.14,0.00,0.06,0.00
2020,12,HYDERABAD,TIRUCHIRAPALLY,1482.00,2269.00,0.09,0.00,0.00,0.00
2020,01,HYDERABAD,TIRUPATI,25176.00,27438.00,3.50,0.00,3.46,2.33
2020,02,HYDERABAD,TIRUPATI,25076.00,25726.00,2.23,0.00,2.63,1.86
2020,03,HYDERABAD,TIRUPATI,14506.00,16276.00,2.57,0.00,1.34,1.61
2020,05,HYDERABAD,TIRUPATI,349.00,266.00,0.04,0.00,0.00,0.00
2020,06,HYDERABAD,TIRUPATI,2608.00,2413.00,2.09,0.00,0.00,0.00
2020,07,HYDERABAD,TIRUPATI,3190.00,3079.00,4.83,0.00,0.00,0.00
2020,08,HYDERABAD,TIRUPATI,6000.00,5739.00,4.99,0.00,0.00,0.00
2020,09,HYDERABAD,TIRUPATI,8244.00,7430.00,7.70,0.00,0.00,0.00
2020,10,HYDERABAD,TIRUPATI,12406.00,11889.00,7.75,0.00,0.00,0.00
2020,11,HYDERABAD,TIRUPATI,13404.00,13935.00,8.64,0.00,0.00,0.00
2020,12,HYDERABAD,TIRUPATI,17894.00,17524.00,9.60,0.00,0.00,0.00
2020,01,HYDERABAD,TRIVANDRUM,7267.00,7903.00,3.17,0.68,0.24,0.05
2020,02,HYDERABAD,TRIVANDRUM,7027.00,8056.00,3.03,0.21,0.39,0.00
2020,03,HYDERABAD,TRIVANDRUM,4422.00,4360.00,1.18,0.23,0.00,0.00
2020,06,HYDERABAD,TRIVANDRUM,2216.00,2037.00,1.01,0.24,0.38,0.43
2020,07,HYDERABAD,TRIVANDRUM,2049.00,2224.00,1.16,0.29,0.40,1.14
2020,08,HYDERABAD,TRIVANDRUM,2384.00,2691.00,2.70,0.61,1.28,1.73
2020,09,HYDERABAD,TRIVANDRUM,6348.00,3651.00,3.08,0.80,1.13,1.35
2020,10,HYDERABAD,TRIVANDRUM,6521.00,3563.00,1.62,0.94,0.74,1.41
2020,11,HYDERABAD,TRIVANDRUM,5152.00,3687.00,3.29,5.04,0.53,1.49
2020,12,HYDERABAD,TRIVANDRUM,7865.00,5804.00,2.33,7.43,0.09,6.74
2020,01,HYDERABAD,UDAIPUR,4530.00,4540.00,0.87,3.52,0.00,0.00
2020,02,HYDERABAD,UDAIPUR,4732.00,4817.00,0.68,0.14,0.00,0.00
2020,03,HYDERABAD,UDAIPUR,1983.00,2061.00,0.47,1.26,0.00,0.00
2020,11,HYDERABAD,UDAIPUR,2479.00,2091.00,0.05,0.03,0.00,0.00
2020,12,HYDERABAD,UDAIPUR,3480.00,4522.00,1.07,0.97,0.00,0.00
2020,01,HYDERABAD,VADODARA,5208.00,4945.00,1.13,19.22,0.00,0.00
2020,02,HYDERABAD,VADODARA,4897.00,4725.00,0.41,12.61,0.05,0.00
2020,03,HYDERABAD,VADODARA,2823.00,2386.00,4.01,6.08,0.00,0.00
2020,07,HYDERABAD,VADODARA,882.00,1092.00,0.52,1.04,1.55,0.82
2020,08,HYDERABAD,VADODARA,724.00,989.00,0.73,5.09,0.68,0.69
2020,09,HYDERABAD,VADODARA,986.00,996.00,0.56,2.87,0.05,0.19
2020,10,HYDERABAD,VADODARA,1327.00,1622.00,3.10,20.73,0.00,0.13
2020,11,HYDERABAD,VADODARA,3079.00,3443.00,2.34,57.52,0.05,0.04
2020,12,HYDERABAD,VADODARA,2884.00,3489.00,2.19,66.05,0.00,0.25
2020,01,HYDERABAD,VARANASI,13322.00,13952.00,5.59,13.63,1.33,0.00
2020,02,HYDERABAD,VARANASI,15595.00,14400.00,4.21,15.82,0.70,0.00
2020,03,HYDERABAD,VARANASI,9690.00,10890.00,6.82,9.45,0.00,0.00
2020,05,HYDERABAD,VARANASI,600.00,221.00,0.33,0.00,0.30,0.00
2020,06,HYDERABAD,VARANASI,4041.00,2506.00,1.49,4.39,0.19,0.36
2020,07,HYDERABAD,VARANASI,2471.00,2358.00,1.20,15.39,0.69,0.39
2020,08,HYDERABAD,VARANASI,2213.00,5567.00,8.68,18.80,1.14,1.76
2020,09,HYDERABAD,VARANASI,3636.00,12701.00,24.85,13.20,0.04,1.24
2020,10,HYDERABAD,VARANASI,4351.00,6898.00,5.88,8.78,0.05,1.56
2020,11,HYDERABAD,VARANASI,8729.00,6402.00,5.93,6.30,0.08,1.81
2020,12,HYDERABAD,VARANASI,6900.00,10561.00,6.05,6.21,0.01,1.13
2020,01,HYDERABAD,VIDYANAGAR,1668.00,1660.00,0.00,0.00,0.00,0.00
2020,02,HYDERABAD,VIDYANAGAR,1435.00,1546.00,0.00,0.00,0.00,0.00
2020,03,HYDERABAD,VIDYANAGAR,931.00,1106.00,0.00,0.00,0.00,0.00
2020,05,HYDERABAD,VIDYANAGAR,74.00,69.00,0.00,0.00,0.00,0.00
2020,06,HYDERABAD,VIDYANAGAR,669.00,773.00,0.00,0.00,0.00,0.00
2020,07,HYDERABAD,VIDYANAGAR,581.00,677.00,0.00,0.00,0.00,0.00
2020,08,HYDERABAD,VIDYANAGAR,311.00,254.00,0.00,0.00,0.00,0.00
2020,09,HYDERABAD,VIDYANAGAR,150.00,188.00,0.00,0.00,0.00,0.00
2020,10,HYDERABAD,VIDYANAGAR,492.00,463.00,0.00,0.00,0.00,0.00
2020,11,HYDERABAD,VIDYANAGAR,501.00,395.00,0.00,0.00,0.00,0.00
2020,12,HYDERABAD,VIDYANAGAR,573.00,652.00,0.00,0.00,0.00,0.00
2020,01,HYDERABAD,VIJAYAWADA,16682.00,18043.00,24.74,2.95,2.30,0.00
2020,02,HYDERABAD,VIJAYAWADA,15167.00,16688.00,24.83,1.84,2.81,0.00
2020,03,HYDERABAD,VIJAYAWADA,9214.00,9584.00,12.35,1.20,0.00,0.00
2020,05,HYDERABAD,VIJAYAWADA,67.00,220.00,23.35,4.01,0.00,0.00
2020,06,HYDERABAD,VIJAYAWADA,1338.00,1489.00,26.45,0.12,3.21,0.00
2020,07,HYDERABAD,VIJAYAWADA,1848.00,1836.00,2.05,0.36,1.77,0.00
2020,08,HYDERABAD,VIJAYAWADA,2924.00,4009.00,3.86,0.53,9.11,0.00
2020,09,HYDERABAD,VIJAYAWADA,4527.00,5341.00,5.52,0.59,13.74,0.00
2020,10,HYDERABAD,VIJAYAWADA,5384.00,5962.00,4.61,0.46,10.59,0.00
2020,11,HYDERABAD,VIJAYAWADA,6254.00,6970.00,4.76,0.51,9.95,0.00
2020,12,HYDERABAD,VIJAYAWADA,8533.00,8616.00,6.10,0.90,7.75,0.00
2020,01,HYDERABAD,VISAKHAPATNAM,38517.00,39681.00,61.27,70.72,5.68,0.19
2020,02,HYDERABAD,VISAKHAPATNAM,36513.00,37528.00,49.21,53.82,5.04,0.31
2020,03,HYDERABAD,VISAKHAPATNAM,21896.00,20705.00,38.77,34.47,0.00,0.26
2020,05,HYDERABAD,VISAKHAPATNAM,895.00,1028.00,2.27,2.79,0.25,0.00
2020,06,HYDERABAD,VISAKHAPATNAM,5898.00,5315.00,9.38,21.99,10.78,0.00
2020,07,HYDERABAD,VISAKHAPATNAM,7073.00,5573.00,16.40,31.38,16.84,0.00
2020,08,HYDERABAD,VISAKHAPATNAM,10425.00,11197.00,19.18,40.37,16.01,0.02
2020,09,HYDERABAD,VISAKHAPATNAM,14447.00,17612.00,14.79,39.46,25.01,0.00
2020,10,HYDERABAD,VISAKHAPATNAM,22860.00,22261.00,22.85,39.81,12.54,0.06
2020,11,HYDERABAD,VISAKHAPATNAM,26720.00,27634.00,32.89,35.76,10.57,0.00
2020,12,HYDERABAD,VISAKHAPATNAM,32852.00,29926.00,31.57,31.14,8.13,0.09
